Admin_ID,Contact_No,Email_Address,Name
233.21.183.168/30,127-846-6492,lgodilington0@123-reg.co.uk,Lotte Godilington
83.253.185.234/10,316-995-4068,nduddridge1@techcrunch.com,Nathanil Duddridge
201.42.72.28/17,122-376-7045,sbolus2@upenn.edu,Shay Bolus
81.68.196.10/7,914-452-1269,tpiggford3@intel.com,Tobias Piggford
204.24.23.215/19,619-351-0414,lgoater4@paginegialle.it,Lethia Goater
232.189.252.216/18,323-325-4581,shandyside5@youtu.be,Sibley Handyside
78.154.101.29/8,413-352-9796,ascouller6@bloglines.com,Adelbert Scouller
12.87.216.106/26,128-114-1723,bstallan7@va.gov,Belvia Stallan
31.105.101.59/5,366-296-1101,cambroz8@issuu.com,Chase Ambroz
73.102.206.116/12,790-864-8447,scostellow9@geocities.com,Saunder Costellow
180.144.184.24/31,686-393-6221,hgriffithea@prlog.org,Hinze Griffithe
17.164.222.189/14,119-208-9878,cdeverilleb@theguardian.com,Charmain Deverille
217.163.209.244/7,851-144-5182,rjornc@cdc.gov,Rosalyn Jorn
116.97.24.128/12,482-484-4806,tpheaseyd@mayoclinic.com,Tallulah Pheasey
49.153.50.169/25,977-150-2049,nwankele@technorati.com,Nina Wankel
49.223.137.226/19,344-879-0206,rraecroftf@china.com.cn,Ricki Raecroft
180.206.221.71/27,479-931-1662,ekinceyg@reuters.com,Elbert Kincey
80.153.226.117/15,610-369-4183,creynaldsh@tinyurl.com,Corrinne Reynalds
31.83.232.0/15,646-410-3782,sgashioni@sourceforge.net,Siffre Gashion
136.98.80.163/25,369-334-9234,dclarricoatesj@cnbc.com,Darell Clarricoates
162.98.202.248/5,935-676-9338,rjamisonk@miibeian.gov.cn,Reece Jamison
201.189.216.209/11,469-180-6706,acressorl@cyberchimps.com,Anderea Cressor
205.167.120.101/11,791-675-0746,myerillm@berkeley.edu,Mordy Yerill
237.128.69.147/3,188-966-2888,ddolbeyn@livejournal.com,Dannie Dolbey
82.136.126.139/22,649-331-5942,klungeo@youku.com,Krista Lunge
208.126.4.175/29,975-172-1903,lburkinshawp@istockphoto.com,Lina Burkinshaw
222.105.93.177/31,705-329-7936,seddenq@tumblr.com,Stillman Edden
165.184.129.131/9,779-794-3992,melvenr@bandcamp.com,Melinde Elven
210.155.12.33/16,511-907-4204,mformiglis@blog.com,Mikaela Formigli
218.172.93.231/13,810-711-3258,suppettt@noaa.gov,Shayne Uppett
200.143.35.213/9,408-184-8531,hpigeonu@sbwire.com,Hilly Pigeon
75.244.4.11/20,668-338-6631,gfitchenv@nba.com,Gretchen Fitchen
163.179.233.142/24,228-328-8729,wlochetw@gravatar.com,Windy Lochet
40.149.178.228/26,178-924-1678,fconryx@odnoklassniki.ru,Francklyn Conry
75.225.45.32/27,624-710-5790,miveaghy@moonfruit.com,Megan Iveagh
54.214.159.214/26,850-147-7140,lsharpleyz@purevolume.com,Libbie Sharpley
141.220.221.97/20,374-590-8837,lmonni10@youku.com,Lacy Monni
163.80.88.150/18,938-933-1341,jmifflin11@globo.com,Jennie Mifflin
10.246.177.72/25,310-925-6992,ojanecki12@princeton.edu,Oona Janecki
170.99.195.37/30,558-372-6815,yarrighini13@aboutads.info,Yolanthe Arrighini
255.253.25.97/11,214-889-7034,fdubose14@reference.com,Fairlie Dubose
55.28.161.123/17,209-101-1268,nadne15@senate.gov,Nissy Adne
72.45.69.141/18,218-247-2014,jleek16@intel.com,Jory Leek
232.234.55.26/6,949-710-9350,rkleinberer17@utexas.edu,Rufe Kleinberer
154.131.179.43/7,910-743-6978,bdoumer18@uol.com.br,Barrie Doumer
158.80.183.1/25,650-209-7188,rfurby19@nydailynews.com,Rivy Furby
112.195.155.166/15,500-213-5104,zvallery1a@macromedia.com,Zackariah Vallery
38.146.17.135/21,615-482-1448,dwiggins1b@alibaba.com,Desiri Wiggins
146.122.154.103/20,795-978-1401,kthay1c@infoseek.co.jp,Klemens Thay
206.247.226.191/7,461-614-6097,yverson1d@hp.com,Yorke Verson
170.189.56.59/28,849-395-9994,pgilbart1e@digg.com,Panchito Gilbart
160.220.107.201/25,919-270-0840,kspier1f@posterous.com,Kristoforo Spier
5.8.116.173/8,943-841-6608,islavin1g@infoseek.co.jp,Ivette Slavin
237.206.197.103/28,900-774-3951,mexrol1h@shareasale.com,Mareah Exrol
253.128.84.111/21,824-257-6187,slauderdale1i@nasa.gov,Sarge Lauderdale
238.246.45.6/1,226-221-2595,fedmund1j@ucla.edu,Frasco Edmund
162.160.154.179/8,647-274-0206,mblaxton1k@ted.com,Marcelo Blaxton
255.25.1.158/17,476-194-9580,cyorath1l@meetup.com,Carver Yorath
76.91.237.157/13,662-839-3416,mmaypes1m@de.vu,Meghann Maypes
244.174.184.103/24,928-891-6524,fduffree1n@irs.gov,Freddy Duffree
221.146.254.172/22,872-813-8234,qklagges1o@wp.com,Quentin Klagges
127.66.216.208/28,772-764-4568,aefford1p@bizjournals.com,Anatol Efford
129.251.122.114/30,971-724-5109,pgilkison1q@theglobeandmail.com,Penny Gilkison
35.15.240.166/11,210-963-6349,dnorvel1r@mashable.com,Demetra Norvel
157.182.178.22/18,947-704-4149,rmacilhagga1s@shutterfly.com,Rubina MacIlhagga
28.72.242.202/26,735-843-6740,dwitt1t@oracle.com,De witt Noe
3.54.157.169/26,282-370-0225,rsciacovelli1u@usa.gov,Rutherford Sciacovelli
202.29.3.89/22,150-877-3331,pbenediktovich1v@example.com,Patti Benediktovich
59.127.246.153/1,221-636-2754,kfusedale1w@webnode.com,Kerstin Fusedale
204.85.219.139/24,318-977-6989,tfaircliffe1x@ucoz.ru,Teodor Faircliffe
117.109.85.34/11,786-796-3059,soneary1y@symantec.com,Sergio O'Neary
86.168.180.95/20,814-885-6913,lmckaile1z@wikia.com,Lyon McKaile
166.165.89.71/27,349-379-7499,srevey20@mediafire.com,Shanan Revey
128.51.204.156/6,773-190-0024,afury21@wp.com,Amos Fury
126.141.226.143/28,936-609-6458,opalethorpe22@nytimes.com,Orv Palethorpe
220.36.82.95/2,420-710-4460,dhainsworth23@salon.com,Dennie Hainsworth
233.202.201.207/15,689-914-1610,jvahey24@techcrunch.com,Jany Vahey
111.209.204.28/24,836-554-0708,omilham25@telegraph.co.uk,Osgood Milham
15.17.132.140/25,225-272-5111,acosterd26@si.edu,Audi Costerd
233.255.112.65/30,786-644-3941,crawlison27@amazon.de,Carlin Rawlison
52.31.206.159/19,523-322-6024,spapachristophorou28@sina.com.cn,Shayna Papachristophorou
109.125.212.160/7,550-668-5047,sbengtsson29@zimbio.com,Stormy Bengtsson
131.128.1.152/19,690-132-6930,lbettenay2a@example.com,Lydie Bettenay
255.174.144.179/18,928-885-7694,otrimnell2b@google.ca,Odessa Trimnell
241.177.243.116/14,781-918-1999,eector2c@cocolog-nifty.com,Eadmund Ector
102.209.168.21/2,801-733-9883,sogriffin2d@zdnet.com,Shirlee O'Griffin
242.254.243.254/17,329-561-3054,mhunnawill2e@about.me,Manuel Hunnawill
22.89.205.27/6,893-682-3600,usimacek2f@studiopress.com,Ula Simacek
171.47.122.125/11,754-784-0666,cdumblton2g@mozilla.org,Corrie Dumblton
33.49.10.17/11,254-357-0461,rherculson2h@walmart.com,Renard Herculson
193.7.220.246/3,475-372-2815,zeverist2i@smugmug.com,Zachery Everist
179.178.39.213/29,281-847-5322,sgautrey2j@spiegel.de,Seward Gautrey
107.247.10.20/9,455-910-4341,blibermore2k@apache.org,Burnaby Libermore
214.84.233.156/30,808-790-9669,cbellerby2l@house.gov,Corabel Bellerby
33.159.206.44/18,608-882-9979,ntatters2m@reuters.com,Nicki Tatters
208.177.207.201/4,347-432-7292,mhellard2n@a8.net,Marybelle Hellard
147.238.129.22/24,281-840-5405,pmahon2o@xing.com,Pauline Mahon
243.173.135.0/25,943-574-1583,twilhelmy2p@spiegel.de,Theodor Wilhelmy
245.128.121.50/19,211-582-9342,scuttles2q@freewebs.com,Sandie Cuttles
172.73.35.64/18,397-526-8702,kperring2r@princeton.edu,Kelcy Perring
