Customer_ID,Name,Contact_No,Email Address,Residence,Occasion
99.208.38.25/14,Fanni Booeln,399-799-9347,fbooeln0@cbsnews.com,1236 Hayes Hill,Drama
127.242.164.68/14,Ernaline Chasteau,327-453-2273,echasteau1@comcast.net,1 Lighthouse Bay Place,Animation|Drama
145.205.226.47/29,Lissie Collopy,812-437-0863,lcollopy2@cargocollective.com,76 Lyons Crossing,Documentary
215.86.127.59/12,Luce Kneel,349-690-4106,lkneel3@google.co.uk,73 Fisk Street,Comedy|Musical|Romance
228.200.237.166/24,Tris Malling,184-264-3674,tmalling4@is.gd,556 Twin Pines Pass,Comedy|Drama
170.164.158.206/20,Skelly Brant,140-106-1645,sbrant5@furl.net,29841 Westerfield Trail,Documentary
81.188.52.77/20,Gwennie Danihel,590-554-1849,gdanihel6@marriott.com,7737 Bellgrove Court,Drama
49.62.157.125/4,Jermayne Roscam,360-206-7906,jroscam7@miitbeian.gov.cn,89 Fieldstone Terrace,Drama|Romance
202.154.236.28/12,Kerri Juorio,837-274-7261,kjuorio8@jalbum.net,30298 Monica Park,Drama|Mystery|Thriller
96.63.185.230/29,Maurizio Conville,112-945-0965,mconville9@slate.com,709 Riverside Avenue,Crime|Drama
253.227.102.151/1,Toiboid Cranfield,813-467-2423,tcranfielda@bizjournals.com,8 Donald Junction,Documentary|Drama
200.162.197.31/2,Nissy Phidgin,922-362-3661,nphidginb@rediff.com,1252 Miller Alley,Documentary
225.207.109.137/3,Kile Quilleash,148-216-0117,kquilleashc@comcast.net,80315 North Place,Comedy|Drama
234.30.54.122/11,Halie Ingilson,350-789-7793,hingilsond@japanpost.jp,499 Almo Junction,Adventure|Children|Fantasy
203.84.89.136/24,Pamela Sives,592-174-2824,psivese@craigslist.org,63392 Declaration Drive,Drama
159.227.139.15/7,Becki Westfalen,824-352-4088,bwestfalenf@state.tx.us,3680 Dennis Trail,Adventure|Animation|Children|Comedy|Fantasy
214.60.36.66/5,Minna Blankau,283-337-1089,mblankaug@nytimes.com,74 Doe Crossing Road,Drama
186.204.204.244/2,Marjy Cressy,313-237-5682,mcressyh@barnesandnoble.com,72 Duke Junction,Drama
251.120.141.246/3,Tedman Rieflin,413-829-4242,trieflini@slate.com,651 Reinke Place,Comedy
182.104.109.46/1,Jo-ann Barden,523-219-7251,jbardenj@ox.ac.uk,058 6th Point,Comedy|Drama
120.161.99.242/6,Vevay Slocombe,923-409-5065,vslocombek@loc.gov,8838 Magdeline Trail,Comedy|Romance
66.208.16.36/21,Andrea Fairlem,291-334-2953,afairleml@surveymonkey.com,21 Del Mar Avenue,Documentary
209.234.246.75/11,Natalee Utley,925-271-6301,nutleym@examiner.com,4127 Shasta Park,Comedy|Musical
35.152.144.123/4,Estella Binding,585-755-9256,ebindingn@telegraph.co.uk,7461 Dakota Way,(no genres listed)
123.189.239.179/11,Hope Raffon,706-300-9155,hraffono@de.vu,51490 Algoma Avenue,Fantasy|Horror|Sci-Fi
168.201.2.212/29,Valaree Duigan,195-594-4664,vduiganp@blogtalkradio.com,164 Granby Junction,Comedy|Horror
233.119.139.119/13,Rochell Elderton,314-180-1889,reldertonq@dion.ne.jp,08 Monica Junction,Drama|War
93.164.98.189/26,Lydon Lickorish,282-798-6780,llickorishr@marriott.com,19 Kingsford Lane,Comedy|Drama
111.26.147.34/16,Carine Iacovielli,428-455-3138,ciacoviellis@istockphoto.com,81643 Prairie Rose Pass,Drama
192.130.5.2/3,Tadeo Key,769-589-1990,tkeyt@ask.com,3635 Anzinger Center,Drama
91.81.130.101/31,Zena Harrap,939-944-8214,zharrapu@macromedia.com,4781 Ridgeview Drive,Drama|Film-Noir|Horror|Mystery
94.249.77.190/27,Edgar Erridge,839-310-7707,eerridgev@i2i.jp,63 Ridge Oak Place,Documentary
233.60.129.154/11,Chicky Jammet,341-840-8799,cjammetw@yellowpages.com,427 Monterey Pass,Action|Comedy|Mystery|Romance
190.33.127.68/29,Andrus Dinnington,633-517-8640,adinningtonx@squidoo.com,743 Blaine Lane,Comedy|Drama|Romance
53.220.160.194/27,Mariann Moore,960-376-0964,mmoorey@gizmodo.com,53649 Scott Street,Drama
65.245.174.212/30,Obie Dionsetti,164-563-2990,odionsettiz@drupal.org,8179 Saint Paul Avenue,Western
118.51.52.255/5,Reilly Hunnam,495-694-7389,rhunnam10@skyrock.com,55599 6th Street,Action|Comedy
26.109.186.126/15,Hermie Triggol,759-820-8731,htriggol11@cnbc.com,442 Manufacturers Terrace,Horror
178.20.209.208/29,Erinn Menguy,946-847-5027,emenguy12@arstechnica.com,9 Judy Lane,Comedy|Horror|Sci-Fi
103.178.230.165/16,Davita Gowland,807-461-9938,dgowland13@icio.us,476 Del Sol Junction,Action|Adventure|Drama
29.205.34.174/25,Felipa Klimentyev,479-843-0106,fklimentyev14@mozilla.org,5875 Northwestern Terrace,Drama
52.204.145.172/24,Nikolaus Scarse,912-279-9460,nscarse15@scientificamerican.com,6 4th Avenue,Drama|War
36.129.148.77/13,Bernard MacElane,229-161-1233,bmacelane16@reddit.com,586 Hoard Court,Comedy|Romance
209.42.25.242/13,Chase Elsom,374-528-0987,celsom17@networkadvertising.org,770 Buell Point,(no genres listed)
49.146.250.211/1,Natka Bernette,725-397-4286,nbernette18@wikipedia.org,54244 Judy Park,Horror|Sci-Fi|Thriller
57.165.83.157/4,Lissi Nickolls,684-353-6732,lnickolls19@slate.com,2063 Hayes Place,Crime|Drama|Thriller
55.225.23.34/7,Jacky Lethbridge,774-800-8142,jlethbridge1a@amazon.com,46915 Northland Road,Comedy|Sci-Fi
115.195.220.61/16,Mercedes Doward,867-763-3251,mdoward1b@wisc.edu,8939 Clemons Circle,Drama
187.1.29.183/10,Ondrea Viccars,958-367-0656,oviccars1c@reuters.com,92 Esker Street,Comedy
144.182.171.97/9,Bride Roman,526-263-2027,broman1d@ftc.gov,05223 2nd Road,Documentary
131.205.72.27/8,Joachim Loudiane,838-892-7792,jloudiane1e@mtv.com,9737 Fremont Street,Adventure|Animation|Fantasy
55.227.62.184/15,Mirabel Ludye,128-111-8686,mludye1f@nature.com,2521 Havey Court,Action|Comedy
154.90.73.240/29,Marje Timbridge,350-285-6445,mtimbridge1g@storify.com,3804 Marquette Plaza,Action|Crime|Drama
253.8.98.63/28,Langston Owtram,513-106-0270,lowtram1h@wunderground.com,476 Warner Street,(no genres listed)
84.182.60.255/2,Ed Stewart,313-249-8001,estewart1i@sciencedirect.com,0 Loeprich Alley,Action|Comedy|Crime|Drama|Musical|Romance
60.115.177.167/3,Catrina Jefferies,462-127-0088,cjefferies1j@moonfruit.com,009 Sugar Place,Comedy|Drama|Musical
203.163.227.142/3,Giffie Semered,138-556-4554,gsemered1k@dedecms.com,49 John Wall Road,Adventure|Drama|Romance
161.241.130.79/7,Cherri Fillimore,249-421-7759,cfillimore1l@gravatar.com,13 Bashford Court,Comedy|Drama
228.226.137.233/11,Marthena Korneluk,627-561-6710,mkorneluk1m@uiuc.edu,807 Spohn Street,Fantasy|Sci-Fi
135.214.251.68/28,Zena Garton,556-134-7277,zgarton1n@columbia.edu,55 Lerdahl Avenue,Drama
241.80.104.9/26,Tucker Graalman,356-850-7003,tgraalman1o@ow.ly,63 Kingsford Parkway,Comedy
57.10.244.5/21,Maud Limbrick,831-376-2626,mlimbrick1p@vk.com,64 Burning Wood Parkway,Horror|Thriller
34.229.2.104/10,Valera Blas,562-110-0202,vblas1q@google.ca,62043 Hoepker Center,Fantasy|Sci-Fi
151.173.138.106/14,Filip Lewcock,125-541-1051,flewcock1r@yellowpages.com,1611 Mccormick Park,Action|Crime|Western
94.183.24.63/3,Howard Tenman,840-396-6045,htenman1s@usa.gov,91 Sullivan Center,Documentary
82.233.234.233/14,Trixi Sayre,127-809-3468,tsayre1t@wisc.edu,7 Larry Way,Comedy
118.144.0.82/30,Zahara Groundwator,953-771-7452,zgroundwator1u@timesonline.co.uk,0998 Katie Crossing,Horror|Thriller
111.208.189.250/10,Geoff Whalley,264-698-6519,gwhalley1v@arizona.edu,42532 Nancy Parkway,Drama
53.71.46.16/22,Tim Mottershead,664-682-1676,tmottershead1w@cocolog-nifty.com,24601 Atwood Plaza,Comedy|Drama
235.191.181.207/29,Livia Franceschelli,458-226-5903,lfranceschelli1x@g.co,117 Division Street,Drama|War
34.84.246.198/31,Riane Glison,957-446-9581,rglison1y@geocities.com,28514 Hoard Street,Drama|Fantasy|Romance
109.211.52.109/2,Mikey Casassa,691-538-8610,mcasassa1z@desdev.cn,012 Homewood Trail,Drama
237.173.29.97/18,Dagmar Bowe,943-769-9601,dbowe20@cornell.edu,3720 Truax Junction,(no genres listed)
183.60.68.211/21,Filide Terlinden,938-871-0685,fterlinden21@sciencedirect.com,54874 Lunder Trail,Drama|Thriller
63.182.75.170/24,Rudie Crawforth,491-346-4079,rcrawforth22@cmu.edu,9 Clemons Place,Comedy
55.249.129.123/16,Bonnibelle Hatherley,375-360-7374,bhatherley23@cocolog-nifty.com,66443 American Street,Children|Comedy
188.17.217.123/15,Claudius Stonnell,367-796-0520,cstonnell24@addthis.com,6 Meadow Ridge Avenue,Action|Thriller
161.138.240.4/20,Georgette Mc Mechan,561-185-6608,gmc25@liveinternet.ru,6 Carey Lane,Action|Adventure|Fantasy|Horror
51.216.246.197/19,Neron Whiston,449-255-8312,nwhiston26@quantcast.com,73 Claremont Circle,Drama
77.20.77.159/12,Willem Joan,967-356-9300,wjoan27@is.gd,109 Ludington Lane,Children|Comedy
174.172.206.142/15,Shane Findlay,280-896-5004,sfindlay28@gov.uk,61 Monument Junction,Comedy|Crime
172.231.213.189/4,Jared Spiers,766-345-9676,jspiers29@example.com,7 Lakewood Gardens Place,Action|Comedy|Crime|Thriller
234.89.224.32/24,Cirstoforo Tink,881-717-0341,ctink2a@slate.com,3 Gulseth Pass,Drama
80.8.172.29/7,Mimi Demko,327-887-8061,mdemko2b@example.com,159 David Place,Drama|Romance|War
183.218.198.235/20,Heriberto Fuster,251-824-9211,hfuster2c@skype.com,84369 Sloan Circle,Horror|Thriller
210.190.133.193/15,Kenneth Craigmile,626-812-5897,kcraigmile2d@businessinsider.com,361 Nelson Plaza,Documentary
203.79.52.86/30,Bron Twede,921-680-8344,btwede2e@imageshack.us,8036 Sheridan Crossing,Action|Drama|Romance
156.232.143.34/15,Katlin Firby,543-753-6819,kfirby2f@admin.ch,4243 Esker Place,Comedy|Crime|Drama
49.137.61.74/13,Katey Seville,193-186-6475,kseville2g@google.com,4 Little Fleur Park,Action|Adventure|Fantasy|Musical|Romance
220.15.71.68/11,Abbe Dingley,472-110-3836,adingley2h@ehow.com,440 Mifflin Place,Western
232.159.39.29/25,Eli Gagen,359-538-6531,egagen2i@cbsnews.com,142 Eastlawn Trail,Documentary|War
86.2.117.85/11,Michel Stovine,114-495-0518,mstovine2j@forbes.com,69664 Starling Junction,Drama
5.179.179.59/21,Ilyse Aland,472-841-7004,ialand2k@discovery.com,6467 Maple Wood Road,Drama
168.18.38.65/25,Cherin Hallawell,400-234-8657,challawell2l@xinhuanet.com,01 Clarendon Street,Drama|War
148.115.88.164/6,Bailey Labeuil,380-628-8830,blabeuil2m@usda.gov,942 Schlimgen Place,Documentary
13.229.18.151/25,Ava Zincke,615-410-2727,azincke2n@mashable.com,11 Mccormick Hill,Drama
106.151.6.225/2,Cecily Brislen,324-655-6705,cbrislen2o@bing.com,44594 Express Road,Drama|Romance|War
232.97.53.199/5,Brunhilda Pontain,999-558-9186,bpontain2p@pagesperso-orange.fr,6902 Monterey Junction,Action|Animation|Children|Comedy
14.254.206.251/24,Ramsey Mulbry,445-490-2504,rmulbry2q@arizona.edu,600 Stang Drive,Action|Animation|Horror|Sci-Fi|Thriller
109.52.193.153/1,Quinn Gribbin,892-883-9145,qgribbin2r@prnewswire.com,71 Stang Alley,Crime|Drama
